{"cameraMode":{"drawMode":0,"name":"Shaded","section":"Shading Mode"},"sceneLighting":true,"audioPlay":false,"sceneViewState":{"m_AlwaysRefresh":false,"showFog":true,"showSkybox":true,"showFlares":true,"showImageEffects":true,"showParticleSystems":true,"showVisualEffectGraphs":true,"m_FxEnabled":true},"in2DMode":false,"pivot":{"x":-23.794469833374025,"y":0.7053161859512329,"z":7.5098490715026859},"rotation":{"x":0.09554705023765564,"y":-0.3515479862689972,"z":0.03607871010899544,"w":0.930601179599762},"size":2.1476023197174074,"orthographic":false}