{"cameraMode":{"drawMode":0,"name":"Shaded","section":"Shading Mode"},"sceneLighting":false,"audioPlay":false,"sceneViewState":{"m_AlwaysRefresh":false,"showFog":true,"showSkybox":false,"showFlares":true,"showImageEffects":true,"showParticleSystems":true,"showVisualEffectGraphs":true,"m_FxEnabled":true},"in2DMode":false,"pivot":{"x":-0.4759666919708252,"y":2.5350677967071535,"z":-20.147798538208009},"rotation":{"x":0.07742470502853394,"y":0.0693308487534523,"z":0.005397177767008543,"w":-0.9945694208145142},"size":4.359832763671875,"orthographic":false}