{"cameraMode":{"drawMode":0,"name":"Shaded","section":"Shading Mode"},"sceneLighting":true,"audioPlay":false,"sceneViewState":{"m_AlwaysRefresh":false,"showFog":true,"showSkybox":false,"showFlares":true,"showImageEffects":true,"showParticleSystems":true,"showVisualEffectGraphs":true,"m_FxEnabled":true},"in2DMode":false,"pivot":{"x":-0.17629925906658173,"y":0.006087198853492737,"z":0.28633448481559756},"rotation":{"x":0.24298310279846192,"y":0.18631665408611298,"z":-0.04761563614010811,"w":0.9508158564567566},"size":0.3949873447418213,"orthographic":false}