{"cameraMode":{"drawMode":0,"name":"Shaded","section":"Shading Mode"},"sceneLighting":false,"audioPlay":false,"sceneViewState":{"m_AlwaysRefresh":false,"showFog":true,"showSkybox":false,"showFlares":true,"showImageEffects":true,"showParticleSystems":true,"showVisualEffectGraphs":true,"m_FxEnabled":true},"in2DMode":false,"pivot":{"x":0.006153203547000885,"y":-0.037049099802970889,"z":0.250423401594162},"rotation":{"x":0.10628428310155869,"y":0.017298264428973199,"z":-0.0018534461269155145,"w":0.9941980242729187},"size":0.15932707488536836,"orthographic":false}